CustomerID,CustomerName,Gender,Age,Phone,Email,Address,City,VehicleBrand,VehicleModel,RegistrationNumber
CUST0001,Amit Chopra,Male,36,9339670711,amit.chopra143@gmail.com,"45, Vasant Kunj, Ludhiana",Ludhiana,Mahindra,Thar,PB-03-AB-2535
CUST0002,Ajay Bose,Male,59,9128492780,ajay.bose575@yahoo.com,"215, Vasant Kunj, Agra",Agra,Hyundai,Aura,UP-38-DE-1106
CUST0003,Mahesh Bansal,Male,38,9266944844,mahesh.bansal221@outlook.com,"195, Anna Nagar Main Road, Hyderabad",Hyderabad,Maruti Suzuki,Brezza,TS-55-EF-5333
CUST0004,Kiran Chatterjee,Male,28,9506448196,kiran.chatterjee81@hotmail.com,"454, Ashok Nagar, Lucknow",Lucknow,Honda,WR-V,UP-37-CD-2139
CUST0005,Ajay Bhatt,Male,26,9349957310,ajay.bhatt888@gmail.com,"233, Race Course Road, Indore",Indore,Toyota,Glanza,MP-11-EF-6820
CUST0006,Prakash Kumar,Male,59,9781802744,prakash.kumar176@hotmail.com,"84, Civil Lines, Varanasi",Varanasi,Kia,Carnival,UP-18-KL-4598
CUST0007,Pooja Joshi,Female,23,9964411347,pooja.joshi324@rediffmail.com,"109, Anna Nagar Main Road, Jaipur",Jaipur,Mahindra,Marazzo,RJ-21-CD-9179
CUST0008,Usha Menon,Female,37,9249926919,usha.menon253@hotmail.com,"383, Race Course Road, Kochi",Kochi,Mahindra,Thar,KL-58-MN-7543
CUST0009,Nisha Nair,Female,53,9629908599,nisha.nair94@gmail.com,"79, Park Street, Thiruvananthapuram",Thiruvananthapuram,Toyota,Fortuner,KL-51-GH-2040
CUST0010,Aarti Subramaniam,Female,50,9668132202,aarti.subramaniam258@hotmail.com,"349, MG Road, Thiruvananthapuram",Thiruvananthapuram,Toyota,Innova Crysta,KL-44-KL-5371
CUST0011,Meera Bhatt,Female,48,9269820594,meera.bhatt465@gmail.com,"498, Race Course Road, Varanasi",Varanasi,Mahindra,XUV700,UP-33-AC-5889
CUST0012,Ravi Tiwari,Male,31,9679153816,ravi.tiwari977@hotmail.com,"307, MG Road, Raipur",Raipur,Tata,Harrier,CG-02-AC-6947
CUST0013,Rekha Singh,Female,36,9709194872,rekha.singh970@gmail.com,"418, Gandhi Nagar, Bengaluru",Bengaluru,Maruti Suzuki,Ciaz,KA-50-BC-3103
CUST0014,Sonal Rao,Female,37,9666585408,sonal.rao894@hotmail.com,"476, Model Town, Bhopal",Bhopal,Mahindra,Marazzo,MP-45-CD-6107
CUST0015,Manisha Mehta,Female,54,9584779555,manisha.mehta124@yahoo.com,"174, Anna Nagar Main Road, Ahmedabad",Ahmedabad,Maruti Suzuki,Eeco,GJ-36-CD-4608
CUST0016,Rajesh Singh,Male,35,9172370545,rajesh.singh928@gmail.com,"37, Koramangala 5th Block, Thiruvananthapuram",Thiruvananthapuram,Mahindra,XUV700,KL-18-XY-4510
CUST0017,Abhishek Pillai,Male,51,9360916298,abhishek.pillai804@rediffmail.com,"98, Camp Area, Hosur",Hosur,Maruti Suzuki,Baleno,TN-43-GH-6804
CUST0018,Jyoti Naidu,Female,24,9823019672,jyoti.naidu670@gmail.com,"373, FC Road, Delhi",Delhi,Tata,Safari,DL-56-AC-5073
CUST0019,Rohit Chatterjee,Male,49,9250519597,rohit.chatterjee433@yahoo.com,"128, Malviya Nagar, Jaipur",Jaipur,Honda,City,RJ-29-KL-2604
CUST0020,Dinesh Sharma,Male,26,9909134796,dinesh.sharma870@yahoo.com,"249, Camp Area, Kolkata",Kolkata,Kia,Sonet,WB-56-GH-1960
CUST0021,Vinod Sharma,Male,45,9384759615,vinod.sharma949@rediffmail.com,"357, Camp Area, Lucknow",Lucknow,Toyota,Camry,UP-43-XY-3536
CUST0022,Ashok Chauhan,Male,24,9721890096,ashok.chauhan754@hotmail.com,"30, Koramangala 5th Block, Delhi",Delhi,Maruti Suzuki,Eeco,DL-31-KL-9701
CUST0023,Suresh Bose,Male,26,9299528037,suresh.bose71@hotmail.com,"207, Civil Lines, Bengaluru",Bengaluru,Maruti Suzuki,Eeco,KA-16-MN-1651
CUST0024,Harish Krishnan,Male,57,9661333669,harish.krishnan324@outlook.com,"123, Koramangala 5th Block, Pune",Pune,Tata,Harrier,MH-09-DE-8491
CUST0025,Neha Sharma,Female,50,9766964667,neha.sharma577@gmail.com,"110, Vasant Kunj, Bengaluru",Bengaluru,Mahindra,Bolero,KA-09-EF-2127
CUST0026,Ramesh Bhatt,Male,31,9570497096,ramesh.bhatt854@hotmail.com,"314, Banjara Hills, Agra",Agra,Honda,Civic,UP-01-KL-5905
CUST0027,Manoj Kapoor,Male,28,9214929002,manoj.kapoor761@hotmail.com,"145, Race Course Road, Chennai",Chennai,Mahindra,XUV700,TN-46-EF-4335
CUST0028,Ishita Sinha,Female,37,9154544899,ishita.sinha95@rediffmail.com,"23, Race Course Road, Mysuru",Mysuru,Maruti Suzuki,Brezza,KA-50-BC-5291
CUST0029,Sunil Banerjee,Male,48,9702269164,sunil.banerjee10@gmail.com,"280, Brigade Road, Bengaluru",Bengaluru,Maruti Suzuki,Brezza,KA-38-KL-3426
CUST0030,Divya Gupta,Female,40,9491541578,divya.gupta921@gmail.com,"108, Salt Lake Sector 3, Ranchi",Ranchi,Toyota,Fortuner,JH-43-AC-6794
CUST0031,Chitra Menon,Female,36,9274484941,chitra.menon820@yahoo.com,"13, Camp Area, Ranchi",Ranchi,Hyundai,Exter,JH-51-GH-5065
CUST0032,Ritu Reddy,Female,45,9141580226,ritu.reddy880@rediffmail.com,"419, Model Town, Ahmedabad",Ahmedabad,Kia,Carens,GJ-20-CD-4652
CUST0033,Rohit Dubey,Male,42,9399147754,rohit.dubey886@gmail.com,"180, Race Course Road, Guwahati",Guwahati,Toyota,Camry,AS-26-KL-6425
CUST0034,Deepak Kapoor,Male,32,9723403479,deepak.kapoor986@outlook.com,"306, Park Street, Delhi",Delhi,Kia,Carens,DL-47-EF-8149
CUST0035,Vinod Pillai,Male,33,9373506211,vinod.pillai46@rediffmail.com,"474, Rajaji Nagar, Mumbai",Mumbai,Honda,Civic,MH-44-CD-6967
CUST0036,Neha Bansal,Female,60,9437064353,neha.bansal680@gmail.com,"260, Banjara Hills, Varanasi",Varanasi,Tata,Tigor,UP-27-EF-7592
CUST0037,Sonal Nair,Female,33,9551450815,sonal.nair681@rediffmail.com,"316, Sector 15, Ludhiana",Ludhiana,Mahindra,Bolero,PB-26-KL-1006
CUST0038,Lata Chauhan,Female,48,9943702118,lata.chauhan594@hotmail.com,"239, Koramangala 5th Block, Nashik",Nashik,Kia,Carnival,MH-44-CD-9375
CUST0039,Ritu Patel,Female,39,9653462378,ritu.patel680@hotmail.com,"420, Anna Nagar Main Road, Surat",Surat,Honda,Amaze,GJ-44-DE-4680
CUST0040,Ravi Verma,Male,23,9362897676,ravi.verma487@hotmail.com,"234, Anna Nagar Main Road, Thiruvananthapuram",Thiruvananthapuram,Kia,Sonet,KL-46-GH-9099
CUST0041,Rekha Menon,Female,62,9838328947,rekha.menon6@gmail.com,"113, Camp Area, Guwahati",Guwahati,Hyundai,Santro,AS-30-AB-5082
CUST0042,Kiran Nair,Male,50,9816806128,kiran.nair544@hotmail.com,"487, Koramangala 5th Block, Visakhapatnam",Visakhapatnam,Honda,Jazz,AP-40-KL-7991
CUST0043,Ritu Chandra,Female,49,9378304807,ritu.chandra770@yahoo.com,"393, Race Course Road, Mysuru",Mysuru,Honda,Civic,KA-32-CD-5499
CUST0044,Neha Bhatt,Female,36,9391751878,neha.bhatt344@outlook.com,"42, Vasant Kunj, Ranchi",Ranchi,Hyundai,Venue,JH-15-GH-3503
CUST0045,Rajesh Trivedi,Male,47,9455281184,rajesh.trivedi556@rediffmail.com,"106, Church Street, Bhopal",Bhopal,Honda,Jazz,MP-25-MN-1320
CUST0046,Komal Sharma,Female,43,9420632895,komal.sharma772@rediffmail.com,"276, Camp Area, Thiruvananthapuram",Thiruvananthapuram,Toyota,Yaris,KL-35-MN-4613
CUST0047,Nisha Chopra,Female,48,9621454127,nisha.chopra30@rediffmail.com,"371, FC Road, Surat",Surat,Hyundai,Aura,GJ-59-BC-9751
CUST0048,Yogesh Krishnan,Male,57,9811890569,yogesh.krishnan28@gmail.com,"70, Camp Area, Nashik",Nashik,Honda,Jazz,MH-12-AB-5262
CUST0049,Preeti Chauhan,Female,50,9450948014,preeti.chauhan346@rediffmail.com,"130, Camp Area, Jaipur",Jaipur,Honda,City,RJ-31-AB-9837
CUST0050,Naveen Joshi,Male,62,9173678414,naveen.joshi800@gmail.com,"487, MG Road, Guwahati",Guwahati,Hyundai,i10 Nios,AS-54-AB-3496
CUST0051,Manoj Chandra,Male,63,9222824732,manoj.chandra578@yahoo.com,"393, Race Course Road, Patna",Patna,Tata,Punch,BR-39-MN-2876
CUST0052,Gaurav Reddy,Male,58,9127571992,gaurav.reddy952@outlook.com,"204, FC Road, Chandigarh",Chandigarh,Toyota,Fortuner,CH-05-MN-4978
CUST0053,Gaurav Subramaniam,Male,28,9954942461,gaurav.subramaniam580@gmail.com,"220, Vasant Kunj, Nagpur",Nagpur,Toyota,Glanza,MH-05-KL-6590
CUST0054,Harish Sinha,Male,27,9565492204,harish.sinha984@outlook.com,"363, Malviya Nagar, Nashik",Nashik,Hyundai,Alcazar,MH-12-KL-5425
CUST0055,Usha Shah,Female,58,9388187517,usha.shah331@yahoo.com,"143, Anna Nagar Main Road, Mysuru",Mysuru,Kia,Sonet,KA-49-XY-7209
CUST0056,Sneha Sinha,Female,41,9295249057,sneha.sinha500@yahoo.com,"175, Race Course Road, Nagpur",Nagpur,Tata,Tiago,MH-45-DE-1166
CUST0057,Anil Malhotra,Male,47,9624606470,anil.malhotra569@yahoo.com,"331, Gandhi Nagar, Agra",Agra,Toyota,Urban Cruiser,UP-29-AB-2524
CUST0058,Nisha Dubey,Female,65,9361246928,nisha.dubey314@hotmail.com,"284, Gandhi Nagar, Nagpur",Nagpur,Mahindra,Bolero,MH-28-KL-6419
CUST0059,Usha Chopra,Female,40,9369942642,usha.chopra237@gmail.com,"162, Model Town, Varanasi",Varanasi,Maruti Suzuki,Ciaz,UP-49-BC-4138
CUST0060,Aditya Chopra,Male,58,9916267011,aditya.chopra538@hotmail.com,"427, Park Street, Lucknow",Lucknow,Hyundai,Verna,UP-15-EF-3939
CUST0061,Priya Chatterjee,Female,29,9394539550,priya.chatterjee47@gmail.com,"358, Banjara Hills, Kochi",Kochi,Hyundai,Aura,KL-07-AB-5658
CUST0062,Komal Mehta,Female,42,9297958983,komal.mehta989@gmail.com,"59, Gandhi Nagar, Jaipur",Jaipur,Honda,City,RJ-26-XY-2213
CUST0063,Ravi Menon,Male,57,9426240903,ravi.menon88@yahoo.com,"392, Vasant Kunj, Hyderabad",Hyderabad,Kia,Sonet,TS-50-KL-7232
CUST0064,Seema Desai,Female,58,9560452529,seema.desai313@hotmail.com,"313, Church Street, Visakhapatnam",Visakhapatnam,Toyota,Innova Crysta,AP-49-CD-4457
CUST0065,Kavita Rao,Female,36,9286630878,kavita.rao566@gmail.com,"210, MG Road, Kolkata",Kolkata,Kia,Carnival,WB-19-AB-4792
CUST0066,Lata Naidu,Female,25,9838073939,lata.naidu240@outlook.com,"339, JP Nagar, Hosur",Hosur,Honda,Amaze,TN-28-AC-9922
CUST0067,Ravi Chopra,Male,30,9176675731,ravi.chopra62@yahoo.com,"305, Banjara Hills, Hosur",Hosur,Toyota,Camry,TN-59-DE-8195
CUST0068,Kiran Desai,Male,65,9532190231,kiran.desai966@outlook.com,"253, Vasant Kunj, Coimbatore",Coimbatore,Kia,Seltos,TN-39-AB-8078
CUST0069,Vidya Kapoor,Female,22,9198061499,vidya.kapoor235@hotmail.com,"392, MG Road, Chandigarh",Chandigarh,Toyota,Glanza,CH-37-AB-3870
CUST0070,Tanvi Mehta,Female,38,9294872482,tanvi.mehta600@rediffmail.com,"497, Gandhi Nagar, Nashik",Nashik,Maruti Suzuki,Celerio,MH-23-GH-6460
CUST0071,Sunita Rao,Female,42,9542000551,sunita.rao711@rediffmail.com,"417, FC Road, Lucknow",Lucknow,Honda,Civic,UP-03-XY-2442
CUST0072,Suman Agarwal,Female,28,9929517022,suman.agarwal414@hotmail.com,"337, MG Road, Mysuru",Mysuru,Honda,Civic,KA-30-GH-1888
CUST0073,Rakesh Tiwari,Male,60,9912224654,rakesh.tiwari511@rediffmail.com,"105, Church Street, Guwahati",Guwahati,Tata,Tiago,AS-09-DE-8178
CUST0074,Meera Verma,Female,61,9753770973,meera.verma819@yahoo.com,"160, Sector 15, Agra",Agra,Mahindra,Scorpio,UP-36-GH-2527
CUST0075,Deepak Naidu,Male,28,9795472980,deepak.naidu853@yahoo.com,"261, Banjara Hills, Vadodara",Vadodara,Toyota,Glanza,GJ-27-XY-8736
CUST0076,Kiran Banerjee,Male,30,9511872350,kiran.banerjee196@hotmail.com,"443, Brigade Road, Coimbatore",Coimbatore,Maruti Suzuki,Ertiga,TN-50-GH-6568
CUST0077,Priya Bhatt,Female,40,9999232921,priya.bhatt602@hotmail.com,"444, Gandhi Nagar, Ludhiana",Ludhiana,Hyundai,Aura,PB-35-XY-6654
CUST0078,Sonal Chatterjee,Female,45,9588922557,sonal.chatterjee956@outlook.com,"358, Model Town, Thiruvananthapuram",Thiruvananthapuram,Hyundai,Alcazar,KL-15-GH-1715
CUST0079,Komal Pandey,Female,45,9812630453,komal.pandey812@yahoo.com,"65, Church Street, Vadodara",Vadodara,Mahindra,XUV300,GJ-22-AC-8213
CUST0080,Rakesh Naidu,Male,21,9875718152,rakesh.naidu148@rediffmail.com,"39, Brigade Road, Thiruvananthapuram",Thiruvananthapuram,Kia,Carens,KL-22-MN-7512
CUST0081,Pankaj Chatterjee,Male,45,9440012324,pankaj.chatterjee642@rediffmail.com,"19, Vasant Kunj, Thiruvananthapuram",Thiruvananthapuram,Mahindra,Scorpio,KL-16-DE-4727
CUST0082,Mahesh Reddy,Male,61,9855797020,mahesh.reddy894@gmail.com,"356, Sector 15, Patna",Patna,Tata,Nexon,BR-03-EF-1919
CUST0083,Vandana Tiwari,Female,48,9256304376,vandana.tiwari251@hotmail.com,"350, JP Nagar, Bhopal",Bhopal,Honda,Amaze,MP-11-BC-2293
CUST0084,Chitra Malhotra,Female,52,9726160204,chitra.malhotra147@yahoo.com,"236, Race Course Road, Patna",Patna,Tata,Tigor,BR-01-XY-5712
CUST0085,Rajesh Mehta,Male,43,9730900313,rajesh.mehta307@rediffmail.com,"234, Race Course Road, Agra",Agra,Honda,WR-V,UP-13-GH-8916
CUST0086,Nitin Pandey,Male,57,9485429460,nitin.pandey589@outlook.com,"12, Banjara Hills, Agra",Agra,Honda,Jazz,UP-18-AB-1803
CUST0087,Lata Joshi,Female,59,9961067882,lata.joshi361@yahoo.com,"318, Model Town, Nashik",Nashik,Tata,Tigor,MH-49-BC-2591
CUST0088,Gaurav Mehta,Male,23,9722312633,gaurav.mehta374@yahoo.com,"168, Banjara Hills, Bengaluru",Bengaluru,Toyota,Urban Cruiser,KA-12-CD-3165
CUST0089,Tanvi Bose,Female,38,9991713190,tanvi.bose169@outlook.com,"496, Gandhi Nagar, Raipur",Raipur,Honda,WR-V,CG-48-EF-2886
CUST0090,Neha Menon,Female,35,9826197069,neha.menon742@rediffmail.com,"188, Vasant Kunj, Thiruvananthapuram",Thiruvananthapuram,Maruti Suzuki,Alto,KL-01-DE-9791
CUST0091,Kiran Tiwari,Male,64,9904245086,kiran.tiwari689@outlook.com,"422, FC Road, Chandigarh",Chandigarh,Toyota,Glanza,CH-07-CD-8724
CUST0092,Tarun Banerjee,Male,41,9755070775,tarun.banerjee227@gmail.com,"466, Malviya Nagar, Nashik",Nashik,Toyota,Glanza,MH-42-GH-2911
CUST0093,Vijay Gupta,Male,40,9628951656,vijay.gupta119@gmail.com,"70, Vasant Kunj, Ahmedabad",Ahmedabad,Kia,Carnival,GJ-24-KL-7866
CUST0094,Harish Reddy,Male,52,9761051532,harish.reddy418@outlook.com,"112, Salt Lake Sector 3, Delhi",Delhi,Kia,Carnival,DL-16-EF-2627
CUST0095,Alisha Saxena,Female,24,9527499187,alisha.saxena283@yahoo.com,"47, Malviya Nagar, Hyderabad",Hyderabad,Toyota,Fortuner,TS-42-MN-1349
CUST0096,Pankaj Malhotra,Male,29,9945011302,pankaj.malhotra579@yahoo.com,"107, Vasant Kunj, Bengaluru",Bengaluru,Mahindra,XUV700,KA-53-CD-6383
CUST0097,Puneet Sharma,Male,38,9255357534,puneet.sharma134@hotmail.com,"57, Sector 15, Jaipur",Jaipur,Toyota,Innova Crysta,RJ-09-AB-6869
CUST0098,Saurabh Agarwal,Male,22,9287095435,saurabh.agarwal272@gmail.com,"270, Camp Area, Chennai",Chennai,Maruti Suzuki,Baleno,TN-31-XY-6931
CUST0099,Sunil Bose,Male,35,9760465943,sunil.bose45@hotmail.com,"330, Malviya Nagar, Lucknow",Lucknow,Maruti Suzuki,Swift,UP-31-GH-7984
CUST0100,Varun Mehta,Male,25,9186748119,varun.mehta330@hotmail.com,"65, Anna Nagar Main Road, Chennai",Chennai,Tata,Tiago,TN-41-MN-9984
CUST0101,Aarti Subramaniam,Female,54,9416644047,aarti.subramaniam465@hotmail.com,"51, Camp Area, Visakhapatnam",Visakhapatnam,Honda,City,AP-55-KL-4522
CUST0102,Seema Joshi,Female,47,9463925049,seema.joshi848@rediffmail.com,"374, Camp Area, Indore",Indore,Maruti Suzuki,Brezza,MP-28-EF-5176
CUST0103,Shalini Chandra,Female,25,9197951867,shalini.chandra852@gmail.com,"50, Camp Area, Bengaluru",Bengaluru,Toyota,Yaris,KA-24-BC-1982
CUST0104,Meera Trivedi,Female,43,9814403943,meera.trivedi964@rediffmail.com,"496, Church Street, Thiruvananthapuram",Thiruvananthapuram,Tata,Tiago,KL-20-EF-2697
CUST0105,Ravi Chandra,Male,35,9216198604,ravi.chandra359@hotmail.com,"391, Park Street, Nagpur",Nagpur,Tata,Tiago,MH-15-GH-1430
CUST0106,Sneha Mishra,Female,38,9854517058,sneha.mishra781@outlook.com,"180, Koramangala 5th Block, Raipur",Raipur,Maruti Suzuki,Dzire,CG-56-BC-7566
CUST0107,Ravi Verma,Male,26,9901131404,ravi.verma544@yahoo.com,"233, Camp Area, Indore",Indore,Tata,Punch,MP-24-DE-6314
CUST0108,Suresh Menon,Male,31,9910069356,suresh.menon633@gmail.com,"140, Anna Nagar Main Road, Ludhiana",Ludhiana,Kia,Carnival,PB-32-MN-8242
CUST0109,Geeta Chauhan,Female,53,9222210617,geeta.chauhan354@rediffmail.com,"348, Banjara Hills, Hyderabad",Hyderabad,Toyota,Camry,TS-32-KL-6053
CUST0110,Ajay Dubey,Male,59,9158821683,ajay.dubey8@yahoo.com,"393, Model Town, Lucknow",Lucknow,Hyundai,Verna,UP-19-EF-2965
CUST0111,Varun Shah,Male,32,9238712095,varun.shah390@hotmail.com,"257, Civil Lines, Agra",Agra,Mahindra,Marazzo,UP-52-EF-2180
CUST0112,Anita Shah,Female,22,9593657365,anita.shah944@gmail.com,"295, Koramangala 5th Block, Thiruvananthapuram",Thiruvananthapuram,Kia,Carnival,KL-46-GH-5743
CUST0113,Yogesh Verma,Male,41,9284547422,yogesh.verma821@hotmail.com,"46, Salt Lake Sector 3, Patna",Patna,Kia,Seltos,BR-16-GH-7560
CUST0114,Yogesh Desai,Male,42,9337911187,yogesh.desai342@yahoo.com,"325, Rajaji Nagar, Bengaluru",Bengaluru,Maruti Suzuki,Ciaz,KA-33-CD-6724
CUST0115,Shalini Malhotra,Female,27,9257243284,shalini.malhotra263@yahoo.com,"79, Ashok Nagar, Kolkata",Kolkata,Honda,City,WB-12-XY-8601
CUST0116,Rachna Rathore,Female,41,9773469560,rachna.rathore324@yahoo.com,"241, Anna Nagar Main Road, Patna",Patna,Kia,Carens,BR-51-DE-1920
CUST0117,Ishita Kumar,Female,40,9595792218,ishita.kumar463@gmail.com,"426, Salt Lake Sector 3, Delhi",Delhi,Tata,Nexon,DL-42-AC-9307
CUST0118,Usha Krishnan,Female,56,9950207886,usha.krishnan757@gmail.com,"334, JP Nagar, Patna",Patna,Hyundai,Exter,BR-39-XY-9214
CUST0119,Suresh Mehta,Male,27,9970768982,suresh.mehta921@outlook.com,"259, Anna Nagar Main Road, Agra",Agra,Toyota,Fortuner,UP-03-CD-8172
CUST0120,Tanvi Ghosh,Female,60,9270452446,tanvi.ghosh373@outlook.com,"199, Banjara Hills, Raipur",Raipur,Kia,Carens,CG-44-MN-1857
CUST0121,Neha Bansal,Female,27,9699108439,neha.bansal695@rediffmail.com,"371, Race Course Road, Lucknow",Lucknow,Honda,Civic,UP-56-BC-6461
CUST0122,Saurabh Menon,Male,43,9433108786,saurabh.menon991@rediffmail.com,"363, Ashok Nagar, Chennai",Chennai,Maruti Suzuki,Ertiga,TN-36-GH-6381
CUST0123,Rakesh Patel,Male,62,9819896690,rakesh.patel434@hotmail.com,"186, MG Road, Nagpur",Nagpur,Tata,Punch,MH-14-EF-8967
CUST0124,Ajay Nair,Male,30,9182855381,ajay.nair303@gmail.com,"428, Vasant Kunj, Coimbatore",Coimbatore,Toyota,Camry,TN-03-EF-3147
CUST0125,Shalini Rao,Female,32,9992649957,shalini.rao710@hotmail.com,"370, Sector 15, Hosur",Hosur,Kia,Seltos,TN-27-EF-4891
CUST0126,Chitra Bhatt,Female,49,9351258749,chitra.bhatt547@yahoo.com,"463, Gandhi Nagar, Lucknow",Lucknow,Honda,Amaze,UP-24-MN-8218
CUST0127,Lata Pandey,Female,53,9666355637,lata.pandey429@yahoo.com,"411, Model Town, Mysuru",Mysuru,Mahindra,XUV700,KA-56-DE-1854
CUST0128,Manisha Banerjee,Female,27,9863860982,manisha.banerjee867@hotmail.com,"146, Park Street, Thiruvananthapuram",Thiruvananthapuram,Maruti Suzuki,Dzire,KL-18-XY-9410
CUST0129,Mahesh Patel,Male,35,9976928440,mahesh.patel462@outlook.com,"213, MG Road, Raipur",Raipur,Maruti Suzuki,Alto,CG-33-EF-4862
CUST0130,Kavita Tiwari,Female,35,9130266145,kavita.tiwari327@gmail.com,"406, Koramangala 5th Block, Mysuru",Mysuru,Hyundai,Venue,KA-03-DE-8740
CUST0131,Aditya Mehta,Male,60,9105638424,aditya.mehta928@gmail.com,"111, Race Course Road, Mumbai",Mumbai,Honda,Amaze,MH-36-MN-9647
CUST0132,Meera Bhatt,Female,36,9423358638,meera.bhatt125@gmail.com,"328, Camp Area, Ahmedabad",Ahmedabad,Honda,Civic,GJ-30-AC-2816
CUST0133,Vidya Chatterjee,Female,22,9778556450,vidya.chatterjee528@hotmail.com,"150, Brigade Road, Ahmedabad",Ahmedabad,Kia,Seltos,GJ-40-EF-4941
CUST0134,Swati Patel,Female,54,9487195336,swati.patel70@hotmail.com,"403, Rajaji Nagar, Kochi",Kochi,Mahindra,XUV300,KL-02-GH-8702
CUST0135,Vinod Tiwari,Male,37,9902425085,vinod.tiwari17@outlook.com,"177, Anna Nagar Main Road, Hosur",Hosur,Hyundai,Creta,TN-50-MN-6447
CUST0136,Vijay Saxena,Male,55,9463512350,vijay.saxena834@yahoo.com,"357, Malviya Nagar, Mysuru",Mysuru,Kia,Sonet,KA-52-BC-2033
CUST0137,Anita Bhatt,Female,33,9147036629,anita.bhatt811@yahoo.com,"162, Church Street, Ranchi",Ranchi,Tata,Tiago,JH-26-KL-8756
CUST0138,Anita Yadav,Female,39,9483298103,anita.yadav883@gmail.com,"140, Koramangala 5th Block, Thiruvananthapuram",Thiruvananthapuram,Maruti Suzuki,Brezza,KL-28-GH-8204
CUST0139,Shweta Mishra,Female,52,9843102880,shweta.mishra510@outlook.com,"137, Rajaji Nagar, Raipur",Raipur,Honda,City,CG-47-GH-2293
CUST0140,Vidya Mishra,Female,55,9415429295,vidya.mishra329@gmail.com,"339, Koramangala 5th Block, Bengaluru",Bengaluru,Tata,Altroz,KA-29-MN-7981
CUST0141,Sunil Saxena,Male,49,9145478504,sunil.saxena745@outlook.com,"141, Camp Area, Visakhapatnam",Visakhapatnam,Toyota,Innova Crysta,AP-05-GH-6952
CUST0142,Amit Menon,Male,59,9828092377,amit.menon801@rediffmail.com,"35, Brigade Road, Delhi",Delhi,Hyundai,Exter,DL-24-GH-1530
CUST0143,Sunil Tiwari,Male,44,9576676179,sunil.tiwari782@gmail.com,"272, Brigade Road, Chandigarh",Chandigarh,Tata,Harrier,CH-21-DE-5089
CUST0144,Amit Mishra,Male,52,9655924752,amit.mishra397@hotmail.com,"397, Race Course Road, Hyderabad",Hyderabad,Tata,Tigor,TS-29-CD-5678
CUST0145,Anjali Iyer,Female,29,9179512774,anjali.iyer463@yahoo.com,"45, Malviya Nagar, Ranchi",Ranchi,Honda,WR-V,JH-43-EF-2063
CUST0146,Kirti Rao,Female,65,9784725186,kirti.rao179@outlook.com,"63, Civil Lines, Coimbatore",Coimbatore,Hyundai,Venue,TN-16-XY-1430
CUST0147,Sonal Pillai,Female,44,9601873197,sonal.pillai823@hotmail.com,"453, Ashok Nagar, Chennai",Chennai,Maruti Suzuki,Baleno,TN-20-GH-8842
CUST0148,Jyoti Pillai,Female,25,9234568604,jyoti.pillai996@outlook.com,"231, Anna Nagar Main Road, Nashik",Nashik,Kia,Carens,MH-09-KL-3981
CUST0149,Mahesh Bose,Male,24,9992699085,mahesh.bose128@hotmail.com,"85, Banjara Hills, Chennai",Chennai,Hyundai,Exter,TN-60-CD-6669
CUST0150,Kavita Kapoor,Female,33,9781887358,kavita.kapoor980@hotmail.com,"321, Brigade Road, Jaipur",Jaipur,Tata,Tiago,RJ-35-AC-9234
CUST0151,Saurabh Krishnan,Male,30,9283825267,saurabh.krishnan675@hotmail.com,"173, Ashok Nagar, Varanasi",Varanasi,Honda,Civic,UP-03-AB-2330
CUST0152,Abhishek Kapoor,Male,62,9326353775,abhishek.kapoor786@hotmail.com,"328, Ashok Nagar, Bhopal",Bhopal,Maruti Suzuki,Celerio,MP-57-KL-5745
CUST0153,Komal Malhotra,Female,64,9536038528,komal.malhotra305@rediffmail.com,"81, Church Street, Bengaluru",Bengaluru,Kia,Carnival,KA-31-XY-4342
CUST0154,Vidya Menon,Female,41,9871336275,vidya.menon327@outlook.com,"390, Brigade Road, Indore",Indore,Tata,Tiago,MP-36-AC-6228
CUST0155,Kiran Iyer,Male,38,9582750043,kiran.iyer254@yahoo.com,"149, Church Street, Hyderabad",Hyderabad,Kia,Carnival,TS-16-BC-6364
CUST0156,Anjali Rao,Female,52,9652681586,anjali.rao479@rediffmail.com,"255, Banjara Hills, Ranchi",Ranchi,Maruti Suzuki,Baleno,JH-26-KL-8491
CUST0157,Vikram Krishnan,Male,43,9152246275,vikram.krishnan52@outlook.com,"452, Ashok Nagar, Vadodara",Vadodara,Honda,Jazz,GJ-19-KL-1133
CUST0158,Mahesh Nair,Male,37,9881155839,mahesh.nair375@rediffmail.com,"206, Church Street, Nagpur",Nagpur,Maruti Suzuki,Eeco,MH-36-CD-6939
CUST0159,Neha Pandey,Female,53,9583564328,neha.pandey783@hotmail.com,"349, Ashok Nagar, Jaipur",Jaipur,Mahindra,Scorpio,RJ-09-AC-7453
CUST0160,Shweta Banerjee,Female,44,9910637681,shweta.banerjee148@yahoo.com,"206, Rajaji Nagar, Visakhapatnam",Visakhapatnam,Mahindra,Scorpio,AP-03-AB-3245
CUST0161,Komal Ghosh,Female,50,9259923818,komal.ghosh621@hotmail.com,"477, Koramangala 5th Block, Chennai",Chennai,Mahindra,Bolero,TN-11-GH-5902
CUST0162,Ishita Bose,Female,55,9625968839,ishita.bose726@hotmail.com,"418, Gandhi Nagar, Lucknow",Lucknow,Maruti Suzuki,Brezza,UP-22-AC-7824
CUST0163,Sneha Subramaniam,Female,51,9385111130,sneha.subramaniam991@hotmail.com,"370, Civil Lines, Chandigarh",Chandigarh,Maruti Suzuki,Eeco,CH-31-BC-9589
CUST0164,Shalini Malhotra,Female,23,9714792641,shalini.malhotra971@gmail.com,"226, MG Road, Pune",Pune,Tata,Harrier,MH-10-GH-4340
CUST0165,Ishita Rathore,Female,51,9890099255,ishita.rathore745@gmail.com,"266, Brigade Road, Agra",Agra,Hyundai,Santro,UP-21-XY-9609
CUST0166,Preeti Mishra,Female,50,9672440825,preeti.mishra351@hotmail.com,"313, Race Course Road, Nagpur",Nagpur,Kia,Sonet,MH-16-DE-5890
CUST0167,Gaurav Bhatt,Male,34,9841139461,gaurav.bhatt722@rediffmail.com,"179, Gandhi Nagar, Surat",Surat,Mahindra,Marazzo,GJ-18-DE-2996
CUST0168,Bhavna Saxena,Female,30,9411871167,bhavna.saxena44@outlook.com,"178, Anna Nagar Main Road, Agra",Agra,Kia,Carens,UP-48-XY-4505
CUST0169,Dinesh Chopra,Male,56,9847508242,dinesh.chopra279@yahoo.com,"380, Ashok Nagar, Hyderabad",Hyderabad,Mahindra,XUV700,TS-16-AB-9700
CUST0170,Ajay Singh,Male,27,9543778963,ajay.singh339@rediffmail.com,"3, Brigade Road, Hyderabad",Hyderabad,Mahindra,XUV700,TS-27-XY-8822
CUST0171,Ashok Agarwal,Male,39,9793527609,ashok.agarwal61@gmail.com,"119, JP Nagar, Nashik",Nashik,Mahindra,Marazzo,MH-47-AB-3868
CUST0172,Swati Gupta,Female,46,9946066287,swati.gupta508@yahoo.com,"449, Banjara Hills, Raipur",Raipur,Maruti Suzuki,Swift,CG-20-MN-2758
CUST0173,Lata Naidu,Female,62,9683364453,lata.naidu537@rediffmail.com,"436, Brigade Road, Ranchi",Ranchi,Mahindra,Thar,JH-18-CD-2845
CUST0174,Ritu Naidu,Female,62,9376236056,ritu.naidu736@yahoo.com,"405, Koramangala 5th Block, Mumbai",Mumbai,Tata,Tiago,MH-44-CD-3875
CUST0175,Radha Bose,Female,41,9193133974,radha.bose411@gmail.com,"245, Brigade Road, Kolkata",Kolkata,Tata,Punch,WB-01-DE-7284
CUST0176,Sunil Chopra,Male,42,9424211872,sunil.chopra597@hotmail.com,"335, Race Course Road, Mumbai",Mumbai,Tata,Tigor,MH-16-AB-2936
CUST0177,Kirti Rao,Female,46,9836665942,kirti.rao515@outlook.com,"328, Park Street, Agra",Agra,Tata,Altroz,UP-40-CD-4590
CUST0178,Aditya Menon,Male,50,9902874167,aditya.menon621@outlook.com,"468, Vasant Kunj, Bhopal",Bhopal,Kia,Sonet,MP-49-CD-2341
CUST0179,Tanvi Tiwari,Female,25,9705771555,tanvi.tiwari115@gmail.com,"463, Vasant Kunj, Mysuru",Mysuru,Mahindra,XUV700,KA-37-KL-3455
CUST0180,Siddharth Ghosh,Male,49,9224811770,siddharth.ghosh697@yahoo.com,"251, JP Nagar, Agra",Agra,Maruti Suzuki,Ciaz,UP-29-AB-8429
CUST0181,Manish Trivedi,Male,50,9705495031,manish.trivedi60@hotmail.com,"371, Banjara Hills, Patna",Patna,Maruti Suzuki,Alto,BR-17-AB-4570
CUST0182,Vijay Shah,Male,43,9852032540,vijay.shah66@hotmail.com,"479, Anna Nagar Main Road, Delhi",Delhi,Kia,Seltos,DL-19-GH-3948
CUST0183,Harish Tiwari,Male,45,9581613078,harish.tiwari891@rediffmail.com,"350, Anna Nagar Main Road, Indore",Indore,Toyota,Camry,MP-09-EF-2943
CUST0184,Dinesh Dubey,Male,54,9236737888,dinesh.dubey746@yahoo.com,"388, MG Road, Mysuru",Mysuru,Maruti Suzuki,Ertiga,KA-30-KL-7948
CUST0185,Nisha Malhotra,Female,50,9471686188,nisha.malhotra159@outlook.com,"17, Park Street, Pune",Pune,Honda,Jazz,MH-40-AB-4943
CUST0186,Rajesh Reddy,Male,59,9136052248,rajesh.reddy458@hotmail.com,"126, Church Street, Ludhiana",Ludhiana,Toyota,Innova Crysta,PB-26-XY-4839
CUST0187,Suresh Nair,Male,53,9410594268,suresh.nair240@hotmail.com,"307, JP Nagar, Surat",Surat,Honda,WR-V,GJ-16-DE-3347
CUST0188,Harish Desai,Male,38,9165452764,harish.desai571@hotmail.com,"321, Sector 15, Ranchi",Ranchi,Toyota,Urban Cruiser,JH-36-XY-1768
CUST0189,Aarti Ghosh,Female,41,9847655456,aarti.ghosh427@rediffmail.com,"193, Banjara Hills, Chennai",Chennai,Hyundai,Santro,TN-31-CD-4692
CUST0190,Shalini Naidu,Female,24,9703857319,shalini.naidu423@rediffmail.com,"69, Rajaji Nagar, Kochi",Kochi,Kia,Sonet,KL-17-CD-6411
CUST0191,Sunil Tiwari,Male,26,9675134276,sunil.tiwari742@yahoo.com,"194, Race Course Road, Delhi",Delhi,Toyota,Camry,DL-39-AB-2192
CUST0192,Saurabh Banerjee,Male,34,9614745610,saurabh.banerjee214@outlook.com,"109, MG Road, Lucknow",Lucknow,Hyundai,Creta,UP-48-XY-4974
CUST0193,Yogesh Malhotra,Male,56,9445331485,yogesh.malhotra795@outlook.com,"274, Malviya Nagar, Indore",Indore,Toyota,Glanza,MP-20-DE-6892
CUST0194,Usha Reddy,Female,51,9917792874,usha.reddy860@outlook.com,"190, Model Town, Raipur",Raipur,Tata,Harrier,CG-03-MN-4625
CUST0195,Amit Kapoor,Male,56,9727099478,amit.kapoor594@rediffmail.com,"101, Brigade Road, Lucknow",Lucknow,Tata,Punch,UP-25-MN-5026
CUST0196,Sonal Bansal,Female,37,9919652226,sonal.bansal842@rediffmail.com,"236, Gandhi Nagar, Varanasi",Varanasi,Hyundai,Exter,UP-11-BC-9954
CUST0197,Swati Chatterjee,Female,62,9163063063,swati.chatterjee537@gmail.com,"484, Anna Nagar Main Road, Mysuru",Mysuru,Honda,City,KA-49-AB-7756
CUST0198,Ajay Kumar,Male,30,9109815572,ajay.kumar224@hotmail.com,"31, Salt Lake Sector 3, Patna",Patna,Mahindra,Marazzo,BR-43-MN-8916
CUST0199,Sneha Sharma,Female,55,9692322761,sneha.sharma422@gmail.com,"370, Rajaji Nagar, Mumbai",Mumbai,Tata,Tiago,MH-19-AB-9228
CUST0200,Swati Reddy,Female,27,9663054538,swati.reddy153@yahoo.com,"270, Ashok Nagar, Pune",Pune,Tata,Safari,MH-23-DE-7502
